,Country,Positive Wins,Negative Wins,Total Rank,Positive Win Rate,Negative Win Rate,Mean Rank,code
0,Canada,74,70,42158,0.22910216718266255,0.30303030303030304,76.09747292418773,CAN
1,United Kingdom,98,39,37446,0.30340557275541796,0.16883116883116883,67.59205776173285,GBR
2,France,31,101,43280,0.09597523219814241,0.43722943722943725,78.12274368231047,FRA
3,Japan,38,97,42765,0.11764705882352941,0.4199134199134199,77.19314079422382,JPN
4,Germany,16,86,53330,0.04953560371517028,0.3722943722943723,96.26353790613719,DEU
5,Taiwan,32,92,50188,0.09907120743034056,0.39826839826839827,90.59205776173285,TWN
6,India,32,98,46762,0.09907120743034056,0.42424242424242425,84.40794223826715,IND
7,Israel,30,85,50332,0.09287925696594428,0.36796536796536794,90.85198555956678,ISR
8,Ukraine,10,89,60729,0.030959752321981424,0.3852813852813853,109.61913357400722,UKR
9,Egypt,49,66,50299,0.15170278637770898,0.2857142857142857,90.79241877256318,EGY
10,Brazil,58,67,46434,0.17956656346749225,0.29004329004329005,83.8158844765343,BRA
11,Mexico,35,83,48244,0.10835913312693499,0.3593073593073593,87.08303249097473,MEX
12,Cuba,43,65,57483,0.13312693498452013,0.2813852813852814,103.75992779783394,CUB
13,Saudi Arabia,51,100,54822,0.15789473684210525,0.4329004329004329,98.95667870036101,SAU
14,Palestine,4,134,61979,0.01238390092879257,0.5800865800865801,111.87545126353791,PSE
15,Iraq,5,96,66488,0.015479876160990712,0.4155844155844156,120.014440433213,IRQ
16,Afghanistan,8,82,71538,0.02476780185758514,0.354978354978355,129.12996389891697,AFG
17,China,13,95,55098,0.04024767801857585,0.41125541125541126,99.45487364620939,CHN
18,Iran,21,82,60004,0.06501547987616099,0.354978354978355,108.31046931407943,IRN
19,Russia,7,73,63102,0.021671826625386997,0.31601731601731603,113.90252707581227,RUS
20,North Korea,4,51,84263,0.01238390092879257,0.22077922077922077,152.09927797833936,PRK
